title,abstract,keywords,authors,journal,date,doi
,"
              
                


  
    ","
      ,

      ,
    ,
      ,

      ,
    ,
      ,

      ,
    ,
      ,

      ,
    ,
      ,

      ,
    ,
      ,

      ,
    ,
      ,

      ,
    ,
      ,

      ,
    ,
      ,

      ,
    ,
      ,

      ,
    ,
      ,

      ,
    ,
      ,

      ,
    ,
      ,

      ,
    ,
      ,

      ,
    ,
      ,

      ,
    ,
      ,

      ,
    ,
      ,

      ,
    ,
      ,

      ,
    ,
      ,

      ,
    ,
      ,

      ,
    ,
      ,

      ,
    ,
      ,

      ,
    ,
      ,

      ,
    ,
      ,

      ,
    ,
      ,

      ,
    ,
      ,

      ,
    ,
      ,

      ,
    ,
      ,

      ,
    ,
      ,

      ,
    ,
      ,

      ,
    ,
      ,

      ,
    ,
      ,

      ,
    ",,,,
